Accel_X,Accel_Y,Accel_Z,Gyro_X,Gyro_Y,Gyro_Z,Time,Gesture,Type
-4.48,1.33,8.65,93.32,-16.39,37.34,0,1,U
-4.20,1.91,7.55,94.22,-17.49,39.53,50,1,U
-3.63,2.64,8.08,92.15,-13.48,40.05,100,1,U
-3.23,3.69,6.37,82.21,13.32,32.85,150,1,U
-3.27,3.99,6.22,79.70,-11.83,39.41,200,1,U
-2.57,4.77,5.32,72.46,-31.95,39.97,250,1,U
-1.65,5.20,5.38,70.76,-74.81,40.95,300,1,U
-0.89,5.42,4.84,66.54,-79.82,37.87,350,1,U
-0.31,5.71,5.00,54.76,-63.00,29.77,400,1,U
0.50,5.61,3.73,41.67,-49.26,19.38,450,1,U
-2.79,0.12,11.89,22.87,11.36,20.61,0,2,U
-3.08,-0.07,10.88,53.28,27.06,18.99,50,2,U
-7.05,-0.62,9.55,99.66,-53.34,43.46,100,2,U
-0.19,1.69,8.57,130.78,-78.00,32.33,150,2,U
-1.15,2.56,7.60,119.00,33.25,19.04,200,2,U
-2.65,3.42,7.37,124.14,-7.80,31.99,250,2,U
-0.80,4.55,6.19,118.45,-26.45,28.62,300,2,U
-0.77,4.97,5.53,110.43,-26.45,22.59,350,2,U
-0.14,5.39,4.47,92.26,-17.96,14.94,400,2,U
-0.29,5.37,3.23,70.14,-15.09,13.93,450,2,U
-4.53,-0.18,14.11,30.97,-37.53,40.89,0,3,U
-4.49,-0.05,13.76,65.52,17.26,46.58,50,3,U
-5.45,0.05,11.25,118.19,13.19,49.22,100,3,U
-4.55,0.60,7.21,160.48,-5.04,57.56,150,3,U
-3.23,1.16,2.99,183.40,-40.06,65.90,200,3,U
-1.14,2.79,3.65,179.84,-31.80,59.48,250,3,U
-0.76,4.00,2.98,147.74,-31.38,45.39,300,3,U
-0.83,5.33,1.70,92.03,13.37,30.94,350,3,U
-1.03,6.22,1.91,43.15,0.45,19.20,400,3,U
-0.59,7.40,2.83,-5.47,6.66,4.55,450,3,U
-4.22,2.51,8.29,67.50,-12.02,38.29,0,4,U
-3.07,2.87,7.55,69.29,-16.51,37.98,50,4,U
-2.70,3.66,7.08,68.29,-19.78,32.55,100,4,U
-1.82,3.83,6.49,67.23,-14.54,26.91,150,4,U
-1.32,4.53,5.87,56.01,6.73,16.73,200,4,U
-2.13,4.91,6.33,57.01,-30.18,19.13,250,4,U
-0.87,5.50,5.74,54.89,-27.46,14.95,300,4,U
-1.10,5.92,5.82,51.87,-22.49,13.97,350,4,U
-1.04,6.16,5.43,42.54,-21.39,13.25,400,4,U
-0.39,6.56,5.21,35.77,-26.52,16.09,450,4,U
-4.27,0.88,11.42,53.44,-16.14,25.49,0,5,U
-4.85,1.09,10.87,77.06,-29.05,30.11,50,5,U
-4.35,1.64,10.06,90.35,-32.77,39.38,100,5,U
-4.13,2.40,9.13,101.91,-31.59,42.45,150,5,U
-3.47,3.06,8.20,111.26,-28.07,41.53,200,5,U
-3.19,3.78,7.22,117.50,-21.84,41.85,250,5,U
-2.26,4.61,6.30,122.90,-21.82,37.58,300,5,U
-1.91,5.03,4.55,119.74,-23.23,34.54,350,5,U
-0.80,5.92,3.64,109.50,-1.34,28.67,400,5,U
-1.35,5.93,2.46,93.02,13.76,21.45,450,5,U
-1.47,0.52,11.55,-9.00,-10.49,19.65,0,6,U
-1.67,0.37,12.09,8.53,-1.23,10.38,50,6,U
-1.91,0.43,11.54,32.23,23.41,-14.56,100,6,U
-2.40,0.51,10.96,67.48,15.75,-7.01,150,6,U
-3.25,0.85,9.90,92.21,22.82,1.08,200,6,U
-3.47,1.68,8.80,109.81,-1.24,12.64,250,6,U
-2.98,2.20,8.25,115.87,-12.95,21.26,300,6,U
-2.60,3.15,7.48,116.77,-16.71,26.51,350,6,U
-1.94,3.91,5.86,109.45,15.39,21.99,400,6,U
-1.93,4.47,5.42,100.08,14.18,25.68,450,6,U
-5.46,0.14,10.94,79.50,-13.10,24.77,0,7,U
-4.79,1.15,9.57,108.47,5.13,33.43,50,7,U
-5.08,2.04,7.90,126.18,9.95,43.14,100,7,U
-4.76,3.00,7.06,137.87,2.77,56.24,150,7,U
-4.82,3.66,6.01,130.33,8.34,68.07,200,7,U
-3.07,5.30,4.68,111.27,-16.17,69.54,250,7,U
-2.32,5.41,4.20,92.92,-24.38,64.74,300,7,U
-1.33,5.53,3.24,68.28,-1.34,45.85,350,7,U
-1.19,5.91,2.14,45.30,-11.52,31.15,400,7,U
-0.33,6.42,1.61,9.61,6.61,6.15,450,7,U
-1.72,-1.47,11.69,15.66,-30.58,12.09,0,8,U
-1.68,-1.18,12.80,42.47,-22.51,10.97,50,8,U
-1.83,-0.82,12.25,78.09,-10.84,6.00,100,8,U
-1.80,-0.23,11.49,113.90,-13.88,8.22,150,8,U
-1.44,0.90,10.19,128.91,-2.72,4.84,200,8,U
-1.90,2.04,9.02,127.36,-2.03,13.37,250,8,U
-1.65,2.97,7.65,114.97,-10.67,18.04,300,8,U
-1.16,4.15,6.91,108.58,-32.86,21.80,350,8,U
-0.57,4.52,5.95,95.17,-35.80,18.81,400,8,U
-0.54,4.94,5.68,73.08,-24.41,19.54,450,8,U
-0.24,2.19,13.11,45.22,-15.03,19.90,0,9,U
-0.66,2.12,12.03,82.95,-1.05,8.06,50,9,U
-1.54,2.47,11.01,108.15,3.67,9.03,100,9,U
-1.58,3.02,9.30,123.05,2.20,12.46,150,9,U
-1.51,3.76,8.00,121.07,3.21,20.47,200,9,U
-1.48,4.39,7.35,108.89,1.73,26.02,250,9,U
-0.46,5.19,6.88,101.22,-10.56,30.24,300,9,U
-0.23,5.60,5.59,80.53,20.58,27.43,350,9,U
-0.38,5.91,4.70,77.84,2.67,32.90,400,9,U
0.73,6.19,3.75,57.39,7.91,25.70,450,9,U
-0.93,2.81,9.52,25.27,9.83,-67.12,0,10,R
-1.80,2.79,9.44,34.37,10.22,-79.57,50,10,R
-2.85,3.05,9.17,44.45,5.71,-88.31,100,10,R
-3.63,3.24,8.95,58.42,-10.58,-86.80,150,10,R
-4.18,3.79,7.93,55.61,1.98,-85.73,200,10,R
-4.47,4.26,7.55,54.89,5.58,-80.98,250,10,R
-5.27,4.23,7.09,57.22,9.45,-76.36,300,10,R
-5.42,4.63,7.17,58.30,3.67,-63.84,350,10,R
-5.48,4.65,6.72,61.30,-10.38,-54.36,400,10,R
-5.09,5.07,6.28,60.93,-13.07,-49.47,450,10,R
-1.27,2.80,9.54,10.45,-31.88,-58.35,0,11,R
-1.06,3.10,9.55,21.19,-39.73,-66.21,50,11,R
-1.22,3.25,9.37,22.58,-33.25,-75.42,100,11,R
-1.65,3.44,9.62,31.09,-36.60,-78.54,150,11,R
-2.16,3.62,9.12,35.76,-22.83,-81.70,200,11,R
-2.45,3.96,8.83,39.01,-27.66,-75.57,250,11,R
-2.79,4.04,8.31,37.68,-25.06,-69.62,300,11,R
-2.80,4.34,7.89,35.89,-26.42,-61.80,350,11,R
-2.65,4.52,7.99,29.89,-22.38,-54.74,400,11,R
-2.66,4.71,7.62,21.98,-22.32,-50.83,450,11,R
-0.52,2.07,10.07,19.46,-47.30,-79.12,0,12,R
-0.72,2.13,9.50,22.52,-50.90,-91.97,50,12,R
-0.93,2.30,9.34,25.22,-45.15,-104.67,100,12,R
-1.19,2.46,9.22,27.65,-26.67,-114.73,150,12,R
-2.42,2.61,9.23,34.03,-28.43,-115.15,200,12,R
-2.59,3.05,9.18,36.32,-15.01,-108.75,250,12,R
-3.29,3.34,8.94,41.18,-17.20,-101.04,300,12,R
-3.27,3.77,8.48,44.72,-27.18,-89.10,350,12,R
-3.73,4.32,7.68,42.74,-9.51,-78.87,400,12,R
-4.32,4.68,7.06,38.98,-5.56,-62.52,450,12,R
0.26,1.54,10.23,18.07,-15.30,-37.83,0,13,R
-0.16,1.27,10.39,25.41,-31.33,-60.70,50,13,R
-0.67,1.47,10.04,31.62,-27.13,-81.21,100,13,R
-1.27,1.77,9.74,36.78,-28.57,-92.46,150,13,R
-1.62,2.17,9.31,38.60,-23.59,-100.78,200,13,R
-2.39,2.49,8.92,40.21,-12.67,-106.87,250,13,R
-2.79,2.95,8.73,43.08,-13.74,-106.59,300,13,R
-3.57,3.12,8.67,45.20,-17.78,-102.26,350,13,R
-3.91,3.37,8.58,48.17,-13.60,-95.38,400,13,R
-4.63,3.76,7.85,47.49,-0.64,-83.27,450,13,R
-1.62,1.25,10.41,33.45,-26.96,-88.09,0,14,R
-2.81,1.60,10.17,42.05,-21.22,-94.12,50,14,R
-2.91,2.10,9.16,48.65,-13.70,-92.83,100,14,R
-3.33,2.68,8.53,50.80,-6.48,-89.84,150,14,R
-3.20,3.21,7.86,50.15,-11.45,-87.96,200,14,R
-3.70,3.25,7.98,47.48,-36.07,-83.34,250,14,R
-3.33,3.53,8.02,43.38,-33.83,-80.55,300,14,R
-3.99,3.62,8.25,39.74,-34.12,-71.18,350,14,R
-3.49,3.88,8.07,39.94,-22.02,-66.99,400,14,R
-4.29,4.14,7.73,37.71,-20.71,-55.01,450,14,R
0.06,1.82,10.34,18.45,-26.49,-52.80,0,15,R
-0.36,2.05,9.89,24.36,-24.45,-74.55,50,15,R
-1.43,1.93,9.86,28.87,-38.75,-91.14,100,15,R
-1.82,1.90,9.42,33.43,-37.19,-99.08,150,15,R
-2.76,1.96,9.33,38.53,-20.49,-102.16,200,15,R
-3.43,2.40,8.99,42.53,-25.09,-94.83,250,15,R
-3.69,2.75,8.64,42.82,-20.98,-84.47,300,15,R
-3.50,3.30,8.20,42.13,-10.54,-75.09,350,15,R
-4.00,3.74,7.79,37.24,-11.16,-62.91,400,15,R
-3.95,4.12,7.47,32.98,-10.58,-51.08,450,15,R
-2.68,2.53,9.35,35.11,-30.57,-82.86,0,16,R
-3.00,2.50,9.24,38.79,-36.13,-83.87,50,16,R
-3.09,2.61,8.85,39.27,-22.28,-81.41,100,16,R
-3.70,2.73,8.85,46.46,-36.32,-74.55,150,16,R
-3.36,3.07,8.35,44.26,-17.12,-71.02,200,16,R
-3.55,3.58,8.02,38.80,-17.80,-63.92,250,16,R
-3.39,3.89,7.87,34.95,-6.37,-60.02,300,16,R
-4.02,4.09,7.40,32.30,-9.95,-53.11,350,16,R
-4.11,4.52,7.28,25.67,-7.33,-44.13,400,16,R
-4.22,4.70,7.15,20.23,-10.53,-32.21,450,16,R
-0.51,1.86,10.17,10.43,-19.46,-39.69,0,17,R
-0.71,1.58,10.56,19.58,-27.08,-50.55,50,17,R
-0.66,1.81,9.75,30.05,-11.83,-60.52,100,17,R
-1.11,2.17,9.75,30.91,-17.08,-67.83,150,17,R
-1.61,2.20,9.83,34.51,-22.18,-76.39,200,17,R
-1.59,2.52,9.57,38.76,-19.63,-83.26,250,17,R
-2.46,2.85,9.11,39.18,-27.76,-82.53,300,17,R
-2.52,3.25,8.63,35.02,-41.79,-76.90,350,17,R
-2.60,3.29,8.41,31.11,-37.29,-72.10,400,17,R
-2.70,3.59,8.53,28.38,-26.32,-66.89,450,17,R
-1.66,1.94,9.34,33.10,-28.47,-88.24,0,18,R
-1.88,2.18,9.12,34.54,-27.91,-91.94,50,18,R
-2.10,2.44,9.25,36.22,-31.74,-92.46,100,18,R
-2.17,2.79,9.09,37.26,-24.86,-92.11,150,18,R
-2.85,2.91,9.03,42.08,-19.23,-86.33,200,18,R
-3.28,3.33,8.65,43.61,-17.82,-80.08,250,18,R
-3.10,3.76,8.40,41.91,-18.88,-68.19,300,18,R
-3.23,4.24,8.22,37.54,-11.76,-57.24,350,18,R
-3.20,4.72,8.18,41.90,-6.76,-51.25,400,18,R
-4.06,4.92,7.38,40.22,-9.77,-35.38,450,18,R
-1.00,2.03,9.52,16.89,-34.50,-39.92,0,19,R
-1.57,1.96,9.66,14.37,-46.30,-54.61,50,19,R
-1.72,2.04,9.72,12.63,-51.52,-64.47,100,19,R
-1.86,2.10,9.70,12.49,-51.41,-71.28,150,19,R
-1.76,2.18,9.59,16.36,-54.07,-78.44,200,19,R
-2.13,2.21,9.49,17.56,-46.66,-84.88,250,19,R
-2.18,2.35,9.47,23.25,-49.29,-86.22,300,19,R
-2.29,2.45,9.20,29.23,-44.40,-87.03,350,19,R
-2.75,2.50,8.91,33.55,-31.04,-83.43,400,19,R
-2.70,2.96,8.73,36.82,-22.40,-75.52,450,19,R
3.15,5.94,7.28,-1.63,-1.63,0.62,0,20,D
3.32,5.86,7.43,-2.13,-2.16,-0.55,50,20,D
3.31,5.84,7.36,-1.35,-2.38,-1.08,100,20,D
3.30,5.86,7.43,-0.80,-2.88,-1.66,150,20,D
3.28,5.88,7.41,-0.08,-1.34,-1.60,200,20,D
3.19,5.92,7.27,0.50,-1.30,-1.42,250,20,D
3.22,5.88,7.47,1.19,-3.03,-1.29,300,20,D
3.24,5.88,7.48,1.69,-0.51,-1.44,350,20,D
3.34,5.64,6.78,5.42,4.76,-3.39,400,20,D
2.69,4.63,3.66,-8.58,31.63,-7.39,450,20,D
1.47,4.45,6.02,-92.37,25.28,-0.05,0,21,D
-0.23,3.49,8.62,-106.99,6.61,15.27,50,21,D
0.45,2.84,8.72,-107.81,7.55,24.07,100,21,D
1.05,2.12,8.69,-95.43,20.49,18.07,150,21,D
0.76,1.39,10.27,-83.98,-14.06,27.42,200,21,D
1.11,1.22,10.39,-78.35,-15.16,30.59,250,21,D
1.22,0.25,11.74,-63.03,-46.06,45.60,300,21,D
2.97,0.00,11.23,-43.28,-40.63,42.95,350,21,D
2.66,-0.27,11.75,-32.84,-28.34,47.79,400,21,D
3.39,-0.84,11.01,-22.93,-25.59,32.67,450,21,D
1.69,5.13,5.47,-25.19,11.52,-0.42,0,22,D
1.26,4.61,5.05,-42.11,15.66,5.47,50,22,D
0.91,4.35,5.84,-57.81,-6.31,21.63,100,22,D
1.30,4.48,7.07,-69.49,10.09,32.23,150,22,D
1.91,4.19,7.44,-68.21,21.14,36.08,200,22,D
2.98,4.18,8.82,-63.39,38.96,26.87,250,22,D
0.39,2.99,10.41,-58.11,34.68,22.55,300,22,D
2.76,3.46,10.25,-43.64,61.66,2.56,350,22,D
1.69,2.40,10.62,-21.94,20.33,-5.35,400,22,D
0.09,2.39,10.89,-13.13,34.52,-15.37,450,22,D
0.97,4.12,8.77,-131.13,-6.58,18.38,0,23,D
3.00,3.14,9.64,-126.14,12.17,20.58,50,23,D
2.38,2.37,12.64,-111.34,-5.54,8.48,100,23,D
1.93,1.24,12.49,-77.78,26.33,3.59,150,23,D
1.57,1.03,11.24,-44.99,48.00,-11.28,200,23,D
1.25,1.16,11.45,-19.18,40.07,-12.73,250,23,D
1.63,1.43,11.01,-3.18,40.66,-24.63,300,23,D
0.21,1.49,11.35,4.23,31.61,-25.14,350,23,D
0.35,1.70,11.41,5.68,13.19,-4.88,400,23,D
0.42,1.64,11.62,12.42,5.32,4.97,450,23,D
0.99,3.32,7.43,-138.15,-14.79,34.68,0,24,D
2.63,3.46,10.14,-130.85,-58.29,57.55,50,24,D
2.99,2.29,11.04,-110.69,-13.15,38.21,100,24,D
3.89,2.30,10.78,-68.29,38.19,7.07,150,24,D
2.14,1.84,13.03,-32.75,30.36,-9.28,200,24,D
3.55,2.33,11.31,-7.03,33.38,-24.36,250,24,D
2.75,2.19,11.54,18.36,6.90,-32.61,300,24,D
1.19,2.16,11.87,30.11,36.67,-42.14,350,24,D
1.94,2.70,10.81,54.82,60.79,-59.13,400,24,D
-0.39,2.86,9.58,66.78,75.37,-53.25,450,24,D
0.98,5.73,4.74,-56.08,-55.52,5.95,0,25,D
1.37,4.96,6.37,-76.57,-44.88,16.86,50,25,D
1.09,4.10,7.06,-82.72,-38.12,34.63,100,25,D
3.62,4.94,8.22,-95.65,27.60,31.48,150,25,D
2.99,4.19,8.27,-94.54,57.41,13.08,200,25,D
2.80,3.59,11.49,-91.46,51.14,1.84,250,25,D
1.77,2.79,10.61,-86.29,68.98,11.10,300,25,D
-0.00,1.94,11.03,-75.73,48.67,0.94,350,25,D
0.94,0.78,12.61,-40.95,20.00,2.11,400,25,D
0.85,1.35,12.07,-14.85,58.07,-7.84,450,25,D
0.06,3.62,9.14,-138.53,-9.20,51.22,0,26,D
3.52,2.19,8.02,-133.96,24.49,37.94,50,26,D
2.44,2.06,12.00,-114.82,33.09,23.17,100,26,D
1.55,1.35,13.54,-84.69,1.54,2.91,150,26,D
1.69,0.41,13.63,-35.42,14.47,-6.94,200,26,D
0.56,0.05,12.59,-11.15,41.50,-14.08,250,26,D
1.54,0.23,10.49,6.03,66.89,-13.90,300,26,D
0.71,1.01,10.06,9.06,64.41,-23.44,350,26,D
0.63,1.07,10.70,-0.82,21.46,-23.86,400,26,D
-0.95,0.74,11.97,7.96,-0.15,-19.89,450,26,D
-0.92,5.77,4.93,-133.64,12.85,8.26,0,27,D
-2.44,5.17,9.37,-193.50,-25.34,25.00,50,27,D
-0.15,4.21,9.03,-170.38,-74.91,74.58,100,27,D
0.34,2.72,13.26,-156.69,13.49,62.54,150,27,D
2.42,1.28,12.18,-106.64,73.34,16.20,200,27,D
1.88,0.49,13.10,-36.85,80.54,-5.65,250,27,D
-1.18,1.02,11.53,46.46,43.57,-30.25,300,27,D
-0.67,1.79,10.04,68.73,25.98,-34.48,350,27,D
-1.59,2.47,9.06,58.62,59.00,-42.28,400,27,D
-2.08,2.78,8.94,47.33,50.65,-41.39,450,27,D
-1.69,1.67,8.93,-177.86,-48.32,0.02,0,28,D
0.59,0.00,9.94,-194.73,-43.99,-4.76,50,28,D
-1.18,-1.74,12.35,-166.76,-49.17,-11.12,100,28,D
0.19,-2.34,12.36,-136.55,-15.54,-16.90,150,28,D
-1.39,-2.85,11.21,-89.09,11.81,-4.28,200,28,D
-0.69,-3.05,10.41,-75.07,-17.76,5.62,250,28,D
0.04,-3.48,10.24,-57.82,-0.26,18.01,300,28,D
-0.10,-3.51,10.33,-47.58,-1.20,9.24,350,28,D
1.95,-4.34,10.54,-28.09,27.54,3.07,400,28,D
0.91,-3.70,11.22,6.10,17.94,-13.89,450,28,D
0.56,3.07,5.81,-136.07,-28.28,3.55,0,29,D
-0.64,1.86,11.33,-161.83,-70.36,-13.17,50,29,D
-0.19,0.34,10.17,-142.90,-7.13,-22.06,100,29,D
0.40,-0.22,11.40,-120.26,-1.05,-20.74,150,29,D
-0.51,-1.57,11.17,-95.80,-8.79,-11.31,200,29,D
-1.04,-1.84,11.18,-81.82,-2.00,7.18,250,29,D
0.28,-2.43,10.61,-64.97,-13.49,10.64,300,29,D
-0.15,-2.59,10.35,-54.12,-3.23,3.37,350,29,D
0.10,-2.90,9.66,-55.05,-10.73,3.35,400,29,D
0.37,-3.70,10.21,-39.10,-7.02,5.07,450,29,D
-2.68,3.37,7.92,-73.46,-41.05,-24.23,0,30,D
-3.10,2.35,9.60,-94.85,-34.60,-31.71,50,30,D
-2.22,1.84,9.41,-88.78,-52.41,-22.65,100,30,D
-2.66,1.15,9.73,-90.46,-40.25,-15.99,150,30,D
-0.89,0.72,10.43,-85.00,-18.84,-10.25,200,30,D
-2.02,0.02,10.62,-77.84,-23.64,-5.59,250,30,D
-1.04,-0.51,10.38,-72.01,-10.41,-6.87,300,30,D
-1.46,-1.25,10.32,-64.39,-19.58,2.83,350,30,D
-1.74,-1.51,10.69,-57.50,-2.20,12.21,400,30,D
-0.83,-1.85,9.78,-42.95,-10.70,10.77,450,30,D
-1.13,4.34,6.82,1.98,30.57,-6.23,0,31,D
-2.88,3.78,7.22,-38.67,-8.08,-9.83,50,31,D
-2.38,3.09,6.94,-77.79,-12.18,-0.47,100,31,D
-2.65,2.34,10.80,-115.67,-71.89,7.29,150,31,D
-0.86,1.43,9.06,-113.89,-57.62,9.34,200,31,D
-2.03,-0.39,8.28,-86.88,-0.69,5.55,250,31,D
-1.15,-0.06,10.27,-67.00,-8.50,3.65,300,31,D
-1.26,-0.79,9.15,-64.18,-10.63,0.63,350,31,D
-1.50,-1.42,10.35,-63.81,-9.56,3.40,400,31,D
-0.91,-1.63,10.35,-53.12,-9.23,-0.79,450,31,D
-3.42,3.78,7.31,-111.09,-30.56,-28.53,0,32,D
-2.02,3.19,8.60,-128.62,-51.20,-29.37,50,32,D
-2.83,2.08,9.95,-146.42,-74.20,-34.94,100,32,D
-1.92,0.80,10.38,-115.74,-54.81,-17.71,150,32,D
-1.21,-0.26,11.36,-95.84,-11.28,-14.85,200,32,D
-1.88,-0.79,10.76,-72.86,-2.54,-18.42,250,32,D
-1.38,-0.92,9.76,-58.04,-14.29,1.21,300,32,D
-1.43,-1.65,10.14,-54.30,1.87,11.16,350,32,D
-0.70,-1.47,10.97,-32.69,11.39,5.25,400,32,D
-1.31,-1.54,10.60,-16.37,5.62,-0.56,450,32,D
-1.63,1.98,7.64,-90.17,-9.99,-29.82,0,33,D
-3.50,0.66,9.70,-96.69,-12.37,-31.07,50,33,D
-2.94,-0.00,9.15,-93.86,-3.74,-27.50,100,33,D
-3.24,-0.75,9.43,-96.82,-12.93,-27.52,150,33,D
-2.25,-2.05,8.93,-101.70,-24.77,-26.18,200,33,D
-2.46,-3.11,9.19,-98.09,-9.19,-19.00,250,33,D
-1.70,-3.81,9.12,-97.81,-15.82,-22.67,300,33,D
-1.85,-4.68,9.92,-85.63,-11.18,-26.98,350,33,D
-2.29,-5.34,10.02,-67.58,-17.38,-26.97,400,33,D
-2.54,-5.85,9.79,-47.69,-9.86,-10.30,450,33,D
-1.59,4.19,7.57,-77.41,17.36,-9.00,0,34,D
0.37,4.16,6.70,-87.78,22.13,-10.59,50,34,D
-1.55,3.03,9.19,-107.60,3.91,-22.03,100,34,D
-0.87,2.14,9.22,-110.57,14.93,-31.44,150,34,D
-1.75,1.11,11.18,-99.09,-9.15,-32.33,200,34,D
-1.62,0.27,10.26,-85.13,17.56,-28.80,250,34,D
-3.00,-0.69,10.99,-84.30,-23.09,-24.22,300,34,D
-2.14,-1.61,9.69,-84.87,1.66,-9.35,350,34,D
-2.31,-2.17,10.15,-81.76,-12.27,-1.59,400,34,D
-1.95,-3.07,10.61,-80.26,-17.46,-6.68,450,34,D
-0.58,3.98,8.22,-63.58,-0.58,-25.15,0,35,D
-1.97,2.92,8.80,-67.19,-4.80,-26.65,50,35,D
-1.80,2.60,8.85,-74.78,-2.14,-26.38,100,35,D
-2.51,1.66,9.99,-77.37,-21.50,-20.63,150,35,D
-1.45,1.09,9.19,-74.26,2.58,-14.80,200,35,D
-2.09,0.53,10.33,-66.93,-13.73,-12.77,250,35,D
-1.77,-0.16,9.94,-61.89,3.69,-17.01,300,35,D
-1.93,-0.66,10.22,-52.15,-5.87,-15.27,350,35,D
-2.17,-1.03,9.92,-51.87,9.16,-13.38,400,35,D
-2.51,-1.90,10.14,-47.24,-9.95,-8.59,450,35,D
-3.30,4.14,6.51,-45.19,-1.71,-11.90,0,36,D
-1.91,3.81,5.14,-72.01,6.26,-12.97,50,36,D
-2.72,2.76,7.58,-104.46,-3.63,-24.72,100,36,D
-1.59,1.68,7.94,-110.78,-18.30,-35.39,150,36,D
-4.71,-0.01,11.72,-102.09,-19.68,-34.82,200,36,D
-3.30,0.14,10.32,-84.43,-4.80,-29.85,250,36,D
-3.39,-0.47,9.89,-66.70,-9.25,-23.83,300,36,D
-3.17,-1.37,8.91,-59.09,-0.26,-20.85,350,36,D
-3.19,-1.87,8.65,-63.77,10.15,-21.62,400,36,D
-3.10,-2.60,9.18,-63.79,-11.51,-18.18,450,36,D
-1.74,3.20,6.91,-83.69,3.22,-31.22,0,37,D
-3.80,2.10,9.89,-79.03,-42.98,-19.13,50,37,D
-2.78,2.02,8.58,-89.60,19.04,-21.13,100,37,D
-3.49,1.05,9.60,-74.70,-33.97,-10.72,150,37,D
-2.43,0.21,8.55,-80.91,8.16,-9.20,200,37,D
-2.55,-1.42,9.43,-80.49,-10.09,-21.64,250,37,D
-2.34,-2.01,9.24,-75.93,-0.50,-32.30,300,37,D
-2.77,-2.19,9.73,-69.18,-4.36,-31.05,350,37,D
-3.03,-2.91,9.16,-66.23,-5.71,-25.22,400,37,D
-2.79,-3.52,8.94,-64.02,-4.20,-24.25,450,37,D
-0.29,5.91,5.95,-67.93,18.17,-42.37,0,38,D
-0.40,5.59,6.10,-89.99,49.13,-50.38,50,38,D
-1.21,4.70,4.89,-125.22,31.64,-36.49,100,38,D
-3.87,3.20,8.79,-173.93,-7.79,-17.28,150,38,D
-0.87,1.53,10.22,-189.16,-15.08,-4.73,200,38,D
-2.33,-0.20,11.45,-173.40,-44.88,2.83,250,38,D
-0.88,-2.28,11.57,-147.71,-18.88,20.82,300,38,D
-1.07,-3.26,12.13,-111.05,2.82,13.95,350,38,D
-1.02,-3.54,12.25,-74.67,-5.77,12.21,400,38,D
-1.25,-3.55,11.02,-51.19,23.13,14.04,450,38,D
0.42,4.96,2.39,30.91,6.64,-9.42,0,39,D
-0.82,5.07,3.18,-6.49,18.40,-29.54,50,39,D
-0.63,6.04,5.01,-41.35,-3.75,-41.27,100,39,D
-0.94,5.50,5.65,-59.02,4.39,-51.84,150,39,D
-2.01,5.63,6.55,-73.48,19.55,-55.09,200,39,D
-2.76,4.87,5.76,-103.17,47.18,-54.79,250,39,D
-3.65,3.89,6.82,-131.77,20.11,-49.64,300,39,D
-3.15,3.49,8.84,-131.90,-55.54,-19.10,350,39,D
-2.75,1.86,9.77,-124.18,-13.76,-19.45,400,39,D
-3.24,1.07,10.70,-107.12,-20.01,-12.83,450,39,D
-3.08,4.85,3.55,-98.27,9.06,-50.41,0,40,D
-4.05,4.18,6.21,-125.75,-13.91,-47.05,50,40,D
-3.36,4.09,6.35,-136.40,-15.93,-50.48,100,40,D
-4.56,2.99,10.21,-131.87,-101.14,-29.72,150,40,D
-3.11,2.02,10.37,-131.71,-89.18,9.99,200,40,D
-1.84,1.03,12.29,-115.92,-21.64,4.86,250,40,D
-0.33,0.12,11.97,-73.07,19.37,-3.93,300,40,D
-2.06,-0.51,9.88,-33.04,58.31,-18.13,350,40,D
-3.02,-0.28,11.85,-18.78,60.25,-23.40,400,40,D
-3.10,-0.29,11.15,-14.18,67.89,-12.87,450,40,D
-1.85,6.07,5.16,-30.04,9.13,-33.24,0,41,D
-2.55,6.07,4.99,-49.61,14.81,-37.59,50,41,D
-2.61,5.56,4.95,-70.36,6.99,-40.77,100,41,D
-3.55,4.49,6.65,-81.50,-5.14,-40.77,150,41,D
-3.69,4.21,7.27,-84.72,11.32,-41.12,200,41,D
-4.32,3.49,8.27,-84.16,21.04,-35.87,250,41,D
-4.09,3.04,8.87,-78.62,9.98,-31.87,300,41,D
-4.37,2.59,9.05,-75.89,15.71,-29.30,350,41,D
-4.46,1.67,9.26,-70.56,19.23,-28.39,400,41,D
-4.30,1.05,8.91,-60.97,-9.47,-21.05,450,41,D
-3.92,5.23,5.47,-61.40,35.87,-44.32,0,42,D
-3.68,4.15,5.29,-76.95,27.98,-48.10,50,42,D
-4.69,3.61,5.83,-96.60,17.19,-47.10,100,42,D
-4.97,2.83,7.78,-103.52,1.98,-48.25,150,42,D
-3.35,2.20,6.92,-103.18,24.89,-57.98,200,42,D
-6.39,1.03,8.43,-93.45,35.84,-47.66,250,42,D
-6.72,0.75,9.39,-80.76,-10.19,-39.09,300,42,D
-6.46,-0.68,12.40,-64.27,-53.12,-13.68,350,42,D
-7.19,-1.53,13.06,-41.19,-22.42,-6.57,400,42,D
-4.75,-1.17,11.18,-27.47,18.46,20.78,450,42,D
-4.86,4.59,8.12,-106.23,15.49,-54.78,0,43,D
-5.08,3.40,8.67,-84.75,-1.30,-47.64,50,43,D
-5.71,3.09,9.47,-79.64,8.48,-37.61,100,43,D
-4.94,2.36,9.19,-69.87,10.19,-32.01,150,43,D
-6.06,1.85,9.80,-64.94,-20.56,-15.64,200,43,D
-4.42,0.90,8.96,-69.99,-8.87,-6.32,250,43,D
-5.03,0.31,9.00,-63.84,-20.82,-3.65,300,43,D
-4.41,-0.10,8.29,-66.41,-9.06,-1.44,350,43,D
-4.18,-0.32,10.14,-54.48,-58.03,10.51,400,43,D
-3.80,-1.18,10.31,-45.18,-13.33,3.60,450,43,D
-1.50,6.34,4.38,-30.91,24.33,-19.23,0,44,D
-3.20,6.28,5.70,-57.44,34.99,-18.99,50,44,D
-2.13,5.62,4.77,-68.92,37.03,-24.54,100,44,D
-4.20,4.62,6.14,-79.33,38.65,-32.07,150,44,D
-4.69,4.52,7.54,-85.24,17.47,-25.83,200,44,D
-4.31,4.06,7.87,-85.68,26.76,-24.38,250,44,D
-3.92,2.96,7.90,-88.81,10.97,-22.73,300,44,D
-5.31,2.28,8.72,-79.40,-5.07,-19.61,350,44,D
-4.41,2.01,9.63,-87.52,9.59,-26.25,400,44,D
-5.17,0.67,8.66,-68.33,-39.91,-11.29,450,44,D
